Item,Qty,Designators,Description,Part number / spec,Footprint / file,Supplier,Link,Unit price (USD),Total (USD),Notes
--- PCBs ---,,,,,,,,,,
PCB - Left,5,,"2-layer FR-4, 1.6 mm, 127.05 x 178.22 mm",HASL (lead-free) finish,my-kkeb/export/fab/my-kkeb-Left-gerbers.zip,JLCPCB,,,incl. in JLC order,Minimum order is 5; 1 is used
PCB - Right,5,,"2-layer FR-4, 1.6 mm, 127.05 x 178.22 mm",HASL (lead-free) finish,my-kkeb/export/fab/my-kkeb-Right-gerbers.zip,JLCPCB,,,incl. in JLC order,Minimum order is 5; 1 is used
PCB - Macro_pad,5,,"2-layer FR-4, 1.6 mm, 103.74 x 93.73 mm",HASL (lead-free) finish,my-kkeb/export/fab/my-kkeb-Macro_pad-gerbers.zip,JLCPCB,,,incl. in JLC order,Minimum order is 5; 1 is used
PCB - Git_pad,5,,"2-layer FR-4, 1.6 mm, 108.61 x 88.76 mm",HASL (lead-free) finish,my-kkeb/export/fab/my-kkeb-Git_pad-gerbers.zip,JLCPCB,,,incl. in JLC order,Minimum order is 5; 1 is used
PCB - Numpad,5,,"2-layer FR-4, 1.6 mm, 149.74 x 87.07 mm",HASL (lead-free) finish,my-kkeb/export/fab/my-kkeb-Numpad-gerbers.zip,JLCPCB,,,incl. in JLC order,Minimum order is 5; 1 is used
--- 3D printed case ---,,,,,,,,,,
Case - Left,1,,Case,"JLC Black Resin (SLA), with sanding",case/Left/Case_Left.step,JLC3DP,,,incl. in JLC order,
Plate - Left,1,,"Switch plate, 2 mm (1.5 mm at the switches)",JLC Black Resin (SLA),case/Left/Plate_Left.step,JLC3DP,,,incl. in JLC order,Sanding optional
Case - Right,1,,Case,"JLC Black Resin (SLA), with sanding",case/Right/Case_Right.step,JLC3DP,,,incl. in JLC order,
Plate - Right,1,,"Switch plate, 2 mm (1.5 mm at the switches)",JLC Black Resin (SLA),case/Right/Plate_Right.step,JLC3DP,,,incl. in JLC order,Sanding optional
Case - Macro_pad,1,,Case,"JLC Black Resin (SLA), with sanding",case/Macro_pad/Case_Macro_pad.step,JLC3DP,,,incl. in JLC order,
Plate - Macro_pad,1,,"Switch plate, 2 mm (1.5 mm at the switches)",JLC Black Resin (SLA),case/Macro_pad/Plate_Macro_pad.step,JLC3DP,,,incl. in JLC order,Sanding optional
Case - Git_pad,1,,Case,"JLC Black Resin (SLA), with sanding",case/Git_pad/Case_Git_pad.step,JLC3DP,,,incl. in JLC order,
Plate - Git_pad,1,,"Switch plate, 2 mm (1.5 mm at the switches)",JLC Black Resin (SLA),case/Git_pad/Plate_Git_pad.step,JLC3DP,,,incl. in JLC order,Sanding optional
Case - Numpad,1,,Case,"JLC Black Resin (SLA), with sanding",case/Numpad/Case_Numpad.step,JLC3DP,,,incl. in JLC order,
Plate - Numpad,1,,"Switch plate, 2 mm (1.5 mm at the switches)",JLC Black Resin (SLA),case/Numpad/Plate_Numpad.step,JLC3DP,,,incl. in JLC order,Sanding optional
JLC order (PCBs + cases + plates),1,,"Final checkout price: all 5 PCB designs and all printed parts above, incl. shipping and VAT",,,JLCPCB / JLC3DP,,198.00,198.00,
--- Electronics (from the schematic) ---,,,,,,,,,,
Raspberry Pi Pico,1,A1,Microcontroller board,"Raspberry Pi Pico SC0915 (official, micro-USB, no headers)",Module:RaspberryPi_Pico_Common_Unspecified,TME,,,4.85,Solder flat by the castellated edges on the back of the Left board
I/O expander,4,U1-U4,16-bit I2C I/O expander,MCP23017-E/SO (SOIC-28),Package_SO:SOIC-28W_7.5x17.9mm_P1.27mm,TME,,,7.44,
Diode,115,D1-D113,"Switching diode, through-hole","1N4148 (DO-35), TME 1N4148-DIO",Diode_THT:D_DO-35_SOD27_P7.62mm_Horizontal,TME,,,3.78,
Hot-swap socket,120,MX1-MX113,MX hot-swap socket,Kailh CPG151101S11 (110 pcs + 10 pcs),CUSTOM:SW_MX_HS_CPG151101S11_1u_PinSwap,AliExpress,,,14.51,
Resistor 2.2k,10,"R1, R2",I2C pull-up,"2.2 kOhm 1%, 0603, Walsin WR06X2201FTL",Resistor_SMD:R_0603_1608Metric,TME,,,0.08,2 needed
Resistor 100,10,"R3, R4, R7-R12",I2C series resistor,"100 Ohm 5%, 0603, Walsin WR06X101JTL",Resistor_SMD:R_0603_1608Metric,TME,,,0.11,8 needed
Capacitor 100nF,4,"C1, C3, C5, C7",Decoupling,"100 nF 50 V X7R, 0603, Walsin 0603B104K500CT",Capacitor_SMD:C_0603_1608Metric,TME,,,0.33,
Capacitor 10uF,4,"C2, C4, C6, C8",Bulk decoupling,"10 uF 25 V X5R, 0805, Samsung CL21A106KAYNNNE",Capacitor_SMD:C_0805_2012Metric,TME,,,1.17,
USB-C receptacle,5,"J5, J11","Link between the two halves (I2C + 3.3 V, not real USB)","USB-C 16-pin SMD receptacle (TYPE-C-31-M-12 type), 5 pcs",CUSTOM:USB_C_Receptacle_HRO_TYPE-C-31-M-12_4Pin_Fixed,AliExpress,,,1.81,"2 needed. Link between the two halves (I2C + 3.3 V, not real USB)"
Magnetic pogo connector,3 pairs,"J3, J4, J6, J7, J8, J9","4-pin magnetic pogo connector, 2.54 mm pitch, right angle, with ears","4-pin magnetic pogo, 2.54 mm, 'With Ear, Curved needle', male + female",CUSTOM:PogoMag_1x04_P2.54mm_RightAngle(_Mirror),AliExpress,,6.18,paid by me,"Paid with my own money (order had import customs), not included in the grant total. J9, J8, J4 are one gender; J7, J6, J3 the other"
Rotary encoder,1 pack,SW1-SW4,Rotary encoder with push switch,"EC11 with push switch, 20 mm half (D) shaft",PCM_marbastlib-various:ROT_Alps_EC11E-Switch,AliExpress,,,5.77,4 needed
OLED display,3,"U5, U6, U7","0.91 in 128x32 OLED, SSD1306, I2C","APKLVSR 0.91 in 128x32 I2C SSD1306, 3-pack",Display:ER_OLEDM0.91_1x-I2C,Amazon,,,17.07,Pin order must be GND-VCC-SCL-SDA
Stabilizer 2u,1 set,"S1, S3, S5","2u stabilizer, PCB-mount","ECSiNG board-mount (PCB-mount) stabilizers, 7 x 2u + 1 x 6.25u",PCM_marbastlib-mx:STAB_MX_P_2u,Amazon,,,8.30,3 x 2u needed
--- Keys ---,,,,,,,,,,
Switches,120,,MX-style switches,"Outemu Clicky Green, 3-pin (110 pcs + 10 pcs)",,AliExpress,,,21.07,113 needed
Keycaps 1u,1 set,,"MX-stem keycaps, 1u","YMDK 127-key ZDA (XDA V2) PBT, blank black",,Amazon,,,28.60,One set covers the 1u and 2u keys
Keycaps 2u,3,,"MX-stem keycaps, 2u",Included in the YMDK set,,Amazon,,,incl. in keycap set,
Encoder knobs,4,,Knobs for EC11 encoders,Must match the encoder shaft (D-shaft or knurled),,,,,not bought for now,Not part of this order
--- Hardware ---,,,,,,,,,,
Screw M2x6,1 kit,,PCB to case (PCB-only positions),600 pcs M2 hex button head screw kit (incl. M2x6 and M2x10),,Amazon,,,10.24,"Threaded holes are 5.5 mm deep: M2x6 for PCB-only, M2x10 for plate + PCB. Never M2x8+ PCB-only or M2x12"
Screw M2x10,35,,Plate + PCB to case,Included in the M2 screw kit,,Amazon,,,incl. in screw kit,Do NOT use M2x12 (reaches the bottom of the hole)
Spacer M2x3,0,,"Between plate and PCB, one per M2x10 screw",Not bought,,,,,not bought,Optional; using PCB-only screws instead
--- Cables ---,,,,,,,,,,
USB-C to USB-C cable,1,,Short cable between the two halves (J5-J11),"USB-C to USB-C, short",,Own,,,already owned,"Never plug J5/J11 into a computer: they carry I2C, not USB"
USB cable,1,,Pico to computer,Micro-USB data cable (official Pico is micro-USB),,Own,,,already owned,
--- Shipping ---,,,,,,,,,,
Shipping - JLCPCB,1,,PCB shipping,,,JLCPCB,,,incl. in JLC order,
Shipping - JLC3DP,1,,3D print shipping,,,JLC3DP,,,incl. in JLC order,
Import VAT - JLC order,1,,"Spanish VAT (21%) on the JLC order, paid at checkout (DDP)",,,JLCPCB / JLC3DP,,,incl. in JLC order,"Already inside the JLC order total; VAT only, customs duty is $0"
Shipping - TME,1,,Shipping,,,TME,,,15.02,
Shipping - AliExpress (pogo order),1,,Shipping,,,AliExpress,,2.64,paid by me,"Pogo order paid with my own money, not included in the grant total"
Shipping - AliExpress (other orders),1,,Shipping,,,AliExpress,,,free,
Shipping - Amazon,1,,Shipping,,,Amazon,,,free,
--- Total ---,,,,,,,,,,
TOTAL,,,,,,,,,338.15,Grant limit $400 (80 h x $5). Prices converted at 1 EUR = 1.139 USD
